bound.0.025,bound.0.25,bound.0.75,bound.0.975,station,mean_estimate
58.4583313139082,67.29322737500276,77.1431096348406,86.36590416191594,Wien Hohe Warte,70.56136244020878
59.176582519109715,68.89707539070133,80.02521459043341,90.67355722919152,Wien Mariabrunn,72.43917921934586
51.73998471545531,60.78250747719664,69.7721777171872,79.87682811775625,Wien Unterlaa,63.80305761819212
57.42706561732457,67.362307617577045,79.66355112949044,91.63214309285517,Wien Jubliäumswarte,71.65903061524736
61.11842973170254,71.17631567905259,83.07355169076247,95.00370747458317,Brunn am Gebirge,75.26148490321646
61.95336762317304,71.07171784499022,82.02116441330314,92.34582938547761,Wien Innere Stadt,74.63307139188554
52.99314684168386,62.00259848437992,71.36554525110294,80.22892830364962,Wien Donaufeld,64.82735653430073
61.2009891895059,72.6009595353468,85.45078394385115,97.32869203371506,Schwechat Flughafen,76.51090024293346
